text,characters,words,page_number,font_size,is_bold,font_threshold_flag,y_position,x_position,relative_font_size,text_case,verbs,nouns,adjectives,adverbs,pronouns,cardinal_numbers,coordinating_conjunctions,starts_with_number,ends_with_colon,has_punctuation,relative_y_position,avg_word_length,word_density,verb_ratio,noun_ratio,adjective_ratio,is_short,is_very_short,is_heading,predicted_heading,heading_probability
USENIX Example Paper,20,3,1,14.0,1,1,107.1250228881836,227.83799743652344,1.4,3,0,0,0,0,0,0,0,0,0,0,1.0,6.666666666666667,0.15,0.0,0.0,0.0,1,1,0,0,0.16929522331030086
Pekka Nikander,14,2,1,10.0,0,0,140.1750030517578,219.31500244140625,1.0,2,0,0,0,0,0,0,0,0,0,0,0.9445187842364862,7.0,0.14285714285714285,0.0,0.0,0.0,1,1,0,0,0.010159461760102033
Aalto University,16,2,1,10.0,0,0,152.1750030517578,218.69500732421875,1.0,2,0,0,0,0,0,0,0,0,0,0,0.9243743065131396,8.0,0.125,0.0,0.0,0.0,1,1,0,0,0.010620286262409441
Jane-Ellen Long,15,2,1,10.0,0,0,140.1750030517578,316.2449951171875,1.0,2,0,0,0,0,0,0,0,0,0,0,0.9445187842364862,7.5,0.13333333333333333,0.0,0.0,0.0,1,1,0,0,0.010159461760102033
USENIX Association,18,2,1,10.0,0,0,152.1750030517578,306.7850036621094,1.0,3,0,0,0,0,0,0,0,0,0,0,0.9243743065131396,9.0,0.1111111111111111,0.0,0.0,0.0,1,1,0,0,0.010620286262409441
Abstract,8,1,1,12.0,1,1,184.0500030517578,160.33799743652344,1.2,2,0,0,0,0,0,0,0,0,0,0,0.8708655375605003,8.0,0.125,0.0,0.0,0.0,1,1,0,0,0.1403368202330246
"This is an example for a USENIX paper, in the form",50,11,1,10.0,0,0,202.1750030517578,72.0,1.0,3,0,0,0,0,0,0,0,0,0,1,0.8404389826658623,4.545454545454546,0.22,0.0,0.0,0.0,0,0,0,0,0.01299933926539465
of an HTML/CSS template. Being heavily self-ref-,48,7,1,10.0,0,0,214.1750030517578,72.0,1.0,3,0,0,0,0,0,0,0,0,0,1,0.8202945049425158,6.857142857142857,0.14583333333333334,0.0,0.0,0.0,1,0,0,0,0.013684670490934527
"erential, this template illustrates the features in-",52,7,1,10.0,0,0,226.1750030517578,72.0,1.0,0,0,0,0,0,0,0,0,0,0,1,0.8001500272191692,7.428571428571429,0.1346153846153846,0.0,0.0,0.0,1,0,0,0,0.014417850212927186
cluded in this template. It is expected that the,48,9,1,10.0,0,0,238.1750030517578,72.0,1.0,3,0,0,0,0,0,0,0,0,0,1,0.7800055494958226,5.333333333333333,0.1875,0.0,0.0,0.0,1,0,0,0,0.015202177926447418
prospective authors using HTML/CSS would create,47,6,1,10.0,0,0,250.1750030517578,72.0,1.0,3,0,0,0,0,0,0,0,0,0,0,0.7598610717724761,7.833333333333333,0.1276595744680851,0.0,0.0,0.0,1,0,0,0,0.019383258564963927
"a new document based on this template, remove",45,8,1,10.0,0,0,262.17498779296875,72.0,1.0,0,0,0,0,0,0,0,0,0,0,1,0.7397166196641575,5.625,0.17777777777777778,0.0,0.0,0.0,1,0,0,0,0.01695335054378924
"the content, and start writing their paper.",43,7,1,10.0,0,0,274.17498779296875,72.0,1.0,0,0,0,0,0,0,0,0,0,0,1,0.719572141940811,6.142857142857143,0.16279069767441862,0.0,0.0,0.0,1,0,0,0,0.017930479958515776
"Note that in this template, you may have a mul-",47,10,1,10.0,0,0,286.17498779296875,87.0,1.0,3,0,0,0,0,0,0,0,0,0,1,0.6994276642174644,4.7,0.2127659574468085,0.0,0.0,0.0,1,0,0,0,0.018997006373407236
"ti-paragraph abstract. However, that it is not nec-",51,8,1,10.0,0,0,298.17498779296875,72.0,1.0,3,0,0,0,0,0,0,0,0,0,1,0.6792831864941179,6.375,0.1568627450980392,0.0,0.0,0.0,1,0,0,0,0.020176007367423913
essarily a good practice. Try to keep your abstract,51,9,1,10.0,0,0,310.17498779296875,72.0,1.0,3,0,0,0,0,0,0,0,0,0,1,0.6591387087707713,5.666666666666667,0.17647058823529413,0.0,0.0,0.0,1,0,0,0,0.021504848427793568
"in one paragraph, and remember that the optimal",47,8,1,10.0,0,0,322.17498779296875,72.0,1.0,0,0,0,0,0,0,0,0,0,0,1,0.6389942310474247,5.875,0.1702127659574468,0.0,0.0,0.0,1,0,0,0,0.023022917948042298
length for an abstract is 200-300 words.,40,7,1,10.0,0,0,334.17498779296875,72.0,1.0,0,0,0,0,0,0,0,0,0,0,1,0.6188497533240782,5.714285714285714,0.175,0.0,0.0,0.0,1,0,0,0,0.02479918824948531
1 Introduction,14,2,1,12.0,1,1,358.0500183105469,72.0,1.2,2,0,0,0,0,0,0,0,1,0,0,0.5787705849569472,7.0,0.14285714285714285,0.0,0.0,0.0,1,1,1,1,0.9657227043299969
For the purposes of USENIX conference publica-,46,7,1,10.0,0,0,376.17498779296875,72.0,1.0,3,0,0,0,0,0,0,0,0,0,0,0.5483440812923652,6.571428571428571,0.15217391304347827,0.0,0.0,0.0,1,0,0,0,0.040055241606484396
"tions, the authors, not the USENIX staff, are solely",52,9,1,10.0,0,0,388.17498779296875,72.0,1.0,3,0,0,0,0,0,0,0,0,0,1,0.5281996035690187,5.777777777777778,0.17307692307692307,0.0,0.0,0.0,1,0,0,0,0.043185067175228374
responsible for the content and formatting of their,51,8,1,10.0,0,0,400.17498779296875,72.0,1.0,0,0,0,0,0,0,0,0,0,0,0,0.5080551258456721,6.375,0.1568627450980392,0.0,0.0,0.0,1,0,0,0,0.05565194714803682
paper. The purpose of this template is to help,46,9,1,10.0,0,0,412.17498779296875,72.0,1.0,3,0,0,0,0,0,0,0,0,0,1,0.4879106481223256,5.111111111111111,0.1956521739130435,0.0,0.0,0.0,1,0,0,0,0.059286883544183294
those authors that want to use HTML/CSS to write,48,9,1,10.0,0,0,424.17498779296875,72.0,1.0,3,0,0,0,0,0,0,0,0,0,0,0.46776617039897905,5.333333333333333,0.1875,0.0,0.0,0.0,1,0,0,0,0.0602968946665374
their papers. This template has been prepared by,48,8,1,10.0,0,0,436.17498779296875,72.0,1.0,3,0,0,0,0,0,0,0,0,0,1,0.44762169267563245,6.0,0.16666666666666666,0.0,0.0,0.0,1,0,0,0,0.06883036585814623
"Håkon Wium Lie, and is based on a guide to using",48,11,1,10.0,0,0,448.17498779296875,72.0,1.0,3,0,0,0,0,0,0,0,0,0,1,0.4274772149522859,4.363636363636363,0.22916666666666666,0.0,0.0,0.0,0,0,0,0,0.07783118292167539
"FrameMaker for USENIX papers, written by Pekka",46,7,1,10.0,0,0,460.17498779296875,72.0,1.0,3,0,0,0,0,0,0,0,0,0,1,0.40733273722893937,6.571428571428571,0.15217391304347827,0.0,0.0,0.0,1,0,0,0,0.0873001585355147
Nikander with the help of Jane-Ellen Long.,42,7,1,10.0,0,0,472.17498779296875,72.0,1.0,3,0,0,0,0,0,0,0,0,0,1,0.3871882595055928,6.0,0.16666666666666666,0.0,0.0,0.0,1,0,0,0,0.09689283575878964
The rest of this paper is organized as follows.,47,9,1,10.0,0,0,484.17498779296875,87.0,1.0,3,0,0,0,0,0,0,0,0,0,1,0.3670437817822463,5.222222222222222,0.19148936170212766,0.0,0.0,0.0,1,0,0,0,0.10408134841118093
"Section 2 gives a brief overview of related work,",49,9,1,10.0,0,0,496.17498779296875,72.0,1.0,3,0,0,0,0,0,0,0,0,0,1,0.3468993040588997,5.444444444444445,0.1836734693877551,0.0,0.0,0.0,1,0,0,0,0.11246068122681586
such as other templates and style manuals. Section,50,8,1,10.0,0,0,508.17498779296875,72.0,1.0,3,0,0,0,0,0,0,0,0,0,1,0.32675482633555314,6.25,0.16,0.0,0.0,0.0,1,0,0,0,0.1311649268482861
"3 discusses the details of this template, and Sec-",50,9,1,10.0,0,0,520.1749877929688,72.0,1.0,3,0,0,0,0,0,0,0,1,0,1,0.3066103486122066,5.555555555555555,0.18,0.0,0.0,0.0,1,0,1,0,0.456022461362466
tion 4 contains our conclusions.,32,5,1,10.0,0,0,532.1749877929688,72.0,1.0,0,0,0,0,0,0,0,0,0,0,1,0.28646587088886005,6.4,0.15625,0.0,0.0,0.0,1,1,0,0,0.18958102812066946
2 Related Work,14,3,1,12.0,1,1,556.0499877929688,72.0,1.2,2,0,0,0,0,0,0,0,1,0,0,0.24638675375178512,4.666666666666667,0.21428571428571427,0.0,0.0,0.0,1,1,1,1,0.993365417693331
Preparing good-looking publications is not easy.,48,6,1,10.0,0,0,574.1749877929688,72.0,1.0,3,0,0,0,0,0,0,0,0,0,1,0.2159601988571471,8.0,0.125,0.0,0.0,0.0,1,0,0,0,0.1332931594723938
It requires understanding of style and typography.,50,7,1,10.0,0,0,586.1749877929688,72.0,1.0,3,0,0,0,0,0,0,0,0,0,1,0.19581572113380055,7.142857142857143,0.14,0.0,0.0,0.0,1,0,0,0,0.12754482945973486
The purpose of the templates provided by the,44,8,1,10.0,0,0,598.1749877929688,72.0,1.0,3,0,0,0,0,0,0,0,0,0,0,0.17567124341045398,5.5,0.18181818181818182,0.0,0.0,0.0,1,0,0,0,0.12608652381085486
USENIX organization is to lift the burden of caring,51,9,1,10.0,0,0,610.1749877929688,72.0,1.0,3,0,0,0,0,0,0,0,0,0,0,0.15552676568710744,5.666666666666667,0.17647058823529413,0.0,0.0,0.0,1,0,0,0,0.12618104595973992
"about typography from the authors. However, the",47,7,1,10.0,0,0,622.1749877929688,72.0,1.0,3,0,0,0,0,0,0,0,0,0,1,0.1353822879637609,6.714285714285714,0.14893617021276595,0.0,0.0,0.0,1,0,0,0,0.11883085991521525
"authors still remain, and will always remain, re-",49,8,1,10.0,0,0,634.1749877929688,72.0,1.0,0,0,0,0,0,0,0,0,0,0,1,0.11523781024041432,6.125,0.16326530612244897,0.0,0.0,0.0,1,0,0,0,0.119744159912264
sponsible for the style.,24,4,1,10.0,0,0,646.1749877929688,72.0,1.0,0,0,0,0,0,0,0,0,0,0,1,0.09509333251706778,6.0,0.16666666666666666,0.0,0.0,0.0,1,1,0,0,0.1074019833578055
2.1 Word and LaTeX templates,28,5,1,12.0,1,1,670.0499877929688,72.0,1.2,3,0,0,0,0,0,0,0,0,0,1,0.055014215379992855,5.6,0.17857142857142858,0.0,0.0,0.0,1,1,0,1,0.6182139738434324
The USENIX website includes a template for Mi-,46,8,1,10.0,0,0,688.1749877929688,72.0,1.0,3,0,0,0,0,0,0,0,0,0,0,0.024587660485354833,5.75,0.17391304347826086,0.0,0.0,0.0,1,0,0,0,0.09630666583249281
"crosoft Word, as well as LaTeX templates. Many of",49,9,1,10.0,0,0,700.1749877929688,72.0,1.0,3,0,0,0,0,0,0,0,0,0,1,0.004443182762008277,5.444444444444445,0.1836734693877551,0.0,0.0,0.0,1,0,0,0,0.09451736642695764
Figure 1: This figure is showed for illustrational purpos-,58,9,1,9.0,1,0,424.4842834472656,315.0,0.9,3,0,0,0,0,0,0,0,0,0,0,0.46724695378081976,6.444444444444445,0.15517241379310345,0.0,0.0,0.0,1,0,0,0,0.0077569108718315094
es only; floppy disks are not required to use this tem-,55,11,1,9.0,0,0,435.2843017578125,315.0,0.9,0,0,0,0,0,0,0,0,0,0,1,0.4491168930917742,5.0,0.2,0.0,0.0,0.0,0,0,0,0,0.008033638469524288
plate.,6,1,1,9.0,0,0,446.08428955078125,315.0,0.9,0,0,0,0,0,0,0,0,0,0,1,0.43098688363278476,6.0,0.16666666666666666,0.0,0.0,0.0,1,1,0,0,0.009018192283542411
the settings in the CSS style sheet of this template,52,10,1,10.0,0,0,474.82177734375,315.0,1.0,3,0,0,0,0,0,0,0,0,0,0,0.38274507674358454,5.2,0.19230769230769232,0.0,0.0,0.0,1,0,0,0,0.09895781093150381
have been copied from the LaTeX templates.,42,7,1,10.0,0,0,486.82177734375,315.0,1.0,3,0,0,0,0,0,0,0,0,0,1,0.362600599020238,6.0,0.16666666666666666,0.0,0.0,0.0,1,0,0,0,0.10599611873722854
2.2 Style manuals,17,3,1,12.0,1,1,510.6968078613281,315.0,1.2,3,0,0,0,0,0,0,0,0,0,1,0.322521430653107,5.666666666666667,0.17647058823529413,0.0,0.0,0.0,1,1,0,1,0.6711298642437503
"Besides typography, style is the second element",47,7,1,10.0,0,0,528.82177734375,315.0,1.0,3,0,0,0,0,0,0,0,0,0,1,0.292094926988525,6.714285714285714,0.14893617021276595,0.0,0.0,0.0,1,0,0,0,0.18535467571476835
of preparing easy-to-read publications. There are,49,6,1,10.0,0,0,540.82177734375,315.0,1.0,3,0,0,0,0,0,0,0,0,0,1,0.2719504492651785,8.166666666666666,0.12244897959183673,0.0,0.0,0.0,1,0,0,0,0.1357162954175668
tens of good style manuals available. To mention,48,8,1,10.0,0,0,552.82177734375,315.0,1.0,3,0,0,0,0,0,0,0,0,0,1,0.25180597154183193,6.0,0.16666666666666666,0.0,0.0,0.0,1,0,0,0,0.13666916653857453
"just a couple, The Elements of Style by Strunk and",50,10,1,10.0,0,0,564.82177734375,315.0,1.0,3,0,0,0,0,0,0,0,0,0,1,0.2316614938184854,5.0,0.2,0.0,0.0,0.0,1,0,0,0,0.13951345511490976
"White [1] is a classic, and has remained a bestseller",53,10,1,10.0,0,0,576.82177734375,315.0,1.0,3,0,0,0,0,0,0,0,0,0,1,0.21151701609513882,5.3,0.18867924528301888,0.0,0.0,0.0,1,0,0,0,0.13116799930116624
since its introduction in 1930’s. From the more,47,8,1,10.0,0,0,588.82177734375,315.0,1.0,3,0,0,0,0,0,0,0,0,0,1,0.19137253837179227,5.875,0.1702127659574468,0.0,0.0,0.0,1,0,0,0,0.13190788016408628
"contemporary ones, Writing for Computer Science",47,6,1,10.0,0,0,600.82177734375,315.0,1.0,3,0,0,0,0,0,0,0,0,0,1,0.17122806064844573,7.833333333333333,0.1276595744680851,0.0,0.0,0.0,1,0,0,0,0.12699222253661988
by Justin Zobel [2] seems appropriate.,38,6,1,10.0,0,0,612.82177734375,315.0,1.0,3,0,0,0,0,0,0,0,0,0,1,0.15108358292509916,6.333333333333333,0.15789473684210525,0.0,0.0,0.0,1,0,0,0,0.12530922798047806
3 Implementation,16,2,1,12.0,1,1,636.69677734375,315.0,1.2,2,0,0,0,0,0,0,0,1,0,0,0.11100446578802424,8.0,0.125,0.0,0.0,0.0,1,1,1,1,0.9177563200311031
In this section we cover the features included in,49,9,1,10.0,0,0,654.82177734375,315.0,1.0,3,0,0,0,0,0,0,0,0,0,0,0.08057791089338621,5.444444444444445,0.1836734693877551,0.0,0.0,0.0,1,0,0,0,0.10465958834546922
this template. Our goal has been that the authors,49,9,1,10.0,0,0,666.82177734375,315.0,1.0,3,0,0,0,0,0,0,0,0,0,1,0.060433433170039665,5.444444444444445,0.1836734693877551,0.0,0.0,0.0,1,0,0,0,0.10117421945106682
do not need to make modifications to the template;,50,9,1,10.0,0,0,678.82177734375,315.0,1.0,0,0,0,0,0,0,0,0,0,0,1,0.04028895544669311,5.555555555555555,0.18,0.0,0.0,0.0,1,0,0,0,0.09819082820158144
"instead, they should be able to concentrate on the",50,9,1,10.0,0,0,690.82177734375,315.0,1.0,0,0,0,0,0,0,0,0,0,0,1,0.020144477723346554,5.555555555555555,0.18,0.0,0.0,0.0,1,0,0,0,0.0958496729480854
"content and style. With this in mind, this template",51,9,1,10.0,0,0,702.82177734375,315.0,1.0,3,0,0,0,0,0,0,0,0,0,1,0.0,5.666666666666667,0.17647058823529413,0.0,0.0,0.0,1,0,0,0,0.09422161841371139
F1,2,1,2,3.4036524295806885,0,0,110.9939956665039,136.3092041015625,0.34036524295806886,1,0,0,0,0,0,0,0,0,0,0,0.9587675139967312,2.0,0.5,0.0,0.0,0.0,1,1,0,0,0.003299113942731382
F2,2,1,2,3.4036524295806885,0,0,110.9939956665039,155.30503845214844,0.34036524295806886,1,0,0,0,0,0,0,0,0,0,0,0.9587675139967312,2.0,0.5,0.0,0.0,0.0,1,1,0,0,0.003299113942731382
F3,2,1,2,3.4036524295806885,0,0,110.9939956665039,174.30084228515625,0.34036524295806886,1,0,0,0,0,0,0,0,0,0,0,0.9587675139967312,2.0,0.5,0.0,0.0,0.0,1,1,0,0,0.003299113942731382
F4,2,1,2,3.4036524295806885,0,0,110.9939956665039,193.29666137695312,0.34036524295806886,1,0,0,0,0,0,0,0,0,0,0,0.9587675139967312,2.0,0.5,0.0,0.0,0.0,1,1,0,0,0.003299113942731382
F5,2,1,2,3.4036524295806885,0,0,110.9939956665039,222.363525390625,0.34036524295806886,1,0,0,0,0,0,0,0,0,0,0,0.9587675139967312,2.0,0.5,0.0,0.0,0.0,1,1,0,0,0.003299113942731382
F6,2,1,2,3.4036524295806885,0,0,110.9939956665039,241.35934448242188,0.34036524295806886,1,0,0,0,0,0,0,0,0,0,0,0.9587675139967312,2.0,0.5,0.0,0.0,0.0,1,1,0,0,0.003299113942731382
F7,2,1,2,3.4036524295806885,0,0,110.9939956665039,260.3551940917969,0.34036524295806886,1,0,0,0,0,0,0,0,0,0,0,0.9587675139967312,2.0,0.5,0.0,0.0,0.0,1,1,0,0,0.003299113942731382
F8,2,1,2,3.4036524295806885,0,0,110.9939956665039,279.3509826660156,0.34036524295806886,1,0,0,0,0,0,0,0,0,0,0,0.9587675139967312,2.0,0.5,0.0,0.0,0.0,1,1,0,0,0.003299113942731382
F9,2,1,2,3.4036524295806885,0,0,110.9939956665039,306.9593200683594,0.34036524295806886,1,0,0,0,0,0,0,0,0,0,0,0.9587675139967312,2.0,0.5,0.0,0.0,0.0,1,1,0,0,0.003299113942731382
F10,3,1,2,3.4036524295806885,0,0,110.9939956665039,325.95513916015625,0.34036524295806886,1,0,0,0,0,0,0,0,0,0,0,0.9587675139967312,3.0,0.3333333333333333,0.0,0.0,0.0,1,1,0,0,0.003299113942731382
F11,3,1,2,3.4036524295806885,0,0,110.9939956665039,344.9509582519531,0.34036524295806886,1,0,0,0,0,0,0,0,0,0,0,0.9587675139967312,3.0,0.3333333333333333,0.0,0.0,0.0,1,1,0,0,0.003299113942731382
F12,3,1,2,3.4036524295806885,0,0,110.9939956665039,363.9467468261719,0.34036524295806886,1,0,0,0,0,0,0,0,0,0,0,0.9587675139967312,3.0,0.3333333333333333,0.0,0.0,0.0,1,1,0,0,0.003299113942731382
Esc,3,1,2,3.4036524295806885,0,0,110.9939956665039,98.83684539794922,0.34036524295806886,2,0,0,0,0,0,0,0,0,0,0,0.9587675139967312,3.0,0.3333333333333333,0.0,0.0,0.0,1,1,0,0,0.003299113942731382
Power,5,1,2,3.4036524295806885,0,0,110.9939956665039,386.72796630859375,0.34036524295806886,2,0,0,0,0,0,0,0,0,0,0,0.9587675139967312,5.0,0.2,0.0,0.0,0.0,1,1,0,0,0.003299113942731382
Sleep,5,1,2,3.4036524295806885,0,0,110.9939956665039,405.7237854003906,0.34036524295806886,2,0,0,0,0,0,0,0,0,0,0,0.9587675139967312,5.0,0.2,0.0,0.0,0.0,1,1,0,0,0.003299113942731382
Wake,4,1,2,3.4036524295806885,0,0,108.95203399658203,424.7195739746094,0.34036524295806886,2,0,0,0,0,0,0,0,0,0,0,0.9620542658144261,4.0,0.25,0.0,0.0,0.0,1,1,0,0,0.003361095188515038
Up,2,1,2,3.4036524295806885,0,0,112.34989166259766,424.7195739746094,0.34036524295806886,2,0,0,0,0,0,0,0,0,0,0,0.9565850569528941,2.0,0.5,0.0,0.0,0.0,1,1,0,0,0.003257937781746076
Print,5,1,2,3.4036524295806885,0,0,130.44129943847656,386.48486328125,0.34036524295806886,2,0,0,0,0,0,0,0,0,0,0,0.9274650356185536,5.0,0.2,0.0,0.0,0.0,1,1,0,0,0.0027117938304773398
Scrn,4,1,2,3.4036524295806885,0,0,133.83917236328125,386.48486328125,0.34036524295806886,2,0,0,0,0,0,0,0,0,0,0,0.9219958021963977,4.0,0.25,0.0,0.0,0.0,1,1,0,0,0.0026109626786071853
SysRq,5,1,2,3.4036524295806885,0,0,137.23707580566406,386.48486328125,0.34036524295806886,3,0,0,0,0,0,0,0,0,0,0,0.9165265196529937,5.0,0.2,0.0,0.0,0.0,1,1,0,0,0.002511050304393189
Scroll,6,1,2,3.4036524295806885,0,0,131.8026123046875,405.4806823730469,0.34036524295806886,2,0,0,0,0,0,0,0,0,0,0,0.9252738595532157,6.0,0.16666666666666666,0.0,0.0,0.0,1,1,0,0,0.00267129631575988
Lock,4,1,2,3.4036524295806885,0,0,135.2004852294922,405.4806823730469,0.34036524295806886,2,0,0,0,0,0,0,0,0,0,0,0.9198046261310597,4.0,0.25,0.0,0.0,0.0,1,1,0,0,0.0025708156906038286
Pause,5,1,2,3.4036524295806885,0,0,131.8026123046875,424.47650146484375,0.34036524295806886,2,0,0,0,0,0,0,0,0,0,0,0.9252738595532157,5.0,0.2,0.0,0.0,0.0,1,1,0,0,0.00267129631575988
Break,5,1,2,3.4036524295806885,0,0,135.2004852294922,424.47650146484375,0.34036524295806886,2,0,0,0,0,0,0,0,0,0,0,0.9198046261310597,5.0,0.2,0.0,0.0,0.0,1,1,0,0,0.0025708156906038286
Insert,6,1,2,3.4036524295806885,0,0,152.8057098388672,386.48486328125,0.34036524295806886,2,0,0,0,0,0,0,0,0,0,0,0.8914671676771971,6.0,0.16666666666666666,0.0,0.0,0.0,1,1,0,0,0.0020691015156303386
Home,4,1,2,3.4036524295806885,0,0,152.8057098388672,405.4806823730469,0.34036524295806886,2,0,0,0,0,0,0,0,0,0,0,0.8914671676771971,4.0,0.25,0.0,0.0,0.0,1,1,0,0,0.0020691015156303386
Page,4,1,2,3.4036524295806885,0,0,150.7637481689453,424.47650146484375,0.34036524295806886,2,0,0,0,0,0,0,0,0,0,0,0.8947539194948921,4.0,0.25,0.0,0.0,0.0,1,1,0,0,0.002125308715215292
Up,2,1,2,3.4036524295806885,0,0,154.16160583496094,424.47650146484375,0.34036524295806886,2,0,0,0,0,0,0,0,0,0,0,0.88928471063336,2.0,0.5,0.0,0.0,0.0,1,1,0,0,0.0020321161073096282
Delete,6,1,2,3.4036524295806885,0,0,171.76683044433594,386.48486328125,0.34036524295806886,2,0,0,0,0,0,0,0,0,0,0,0.8609472521794975,6.0,0.16666666666666666,0.0,0.0,0.0,1,1,0,0,0.0015797626776629242
End,3,1,2,3.4036524295806885,0,0,171.76683044433594,405.4806823730469,0.34036524295806886,2,0,0,0,0,0,0,0,0,0,0,0.8609472521794975,3.0,0.3333333333333333,0.0,0.0,0.0,1,1,0,0,0.0015797626776629242
Page,4,1,2,3.4036524295806885,0,0,169.72486877441406,424.47650146484375,0.34036524295806886,2,0,0,0,0,0,0,0,0,0,0,0.8642340039971924,4.0,0.25,0.0,0.0,0.0,1,1,0,0,0.001629336185399079
Down,4,1,2,3.4036524295806885,0,0,173.1227264404297,424.47650146484375,0.34036524295806886,2,0,0,0,0,0,0,0,0,0,0,0.8587647951356604,4.0,0.25,0.0,0.0,0.0,1,1,0,0,0.0015472987291305763
½,1,1,2,4.424261569976807,0,0,136.98301696777344,98.39469146728516,0.4424261569976807,3,0,0,0,0,0,0,0,0,0,0,0.9169354540416939,1.0,1.0,0.0,0.0,0.0,1,1,0,0,0.0016215351708811344
1,1,1,2,4.424261569976807,0,0,136.98301696777344,116.66535949707031,0.4424261569976807,3,0,0,0,0,0,0,0,0,0,0,0.9169354540416939,1.0,1.0,0.0,0.0,0.0,1,1,0,0,0.0016215351708811344
2,1,1,2,4.424261569976807,0,0,136.9829559326172,135.61671447753906,0.4424261569976807,3,0,0,0,0,0,0,0,0,0,0,0.9169355522841897,1.0,1.0,0.0,0.0,0.0,1,1,0,0,0.0016215367215625881
3,1,1,2,4.424261569976807,0,0,136.98301696777344,155.24871826171875,0.4424261569976807,3,0,0,0,0,0,0,0,0,0,0,0.9169354540416939,1.0,1.0,0.0,0.0,0.0,1,1,0,0,0.0016215351708811344
4,1,1,2,4.424261569976807,0,0,136.98301696777344,174.20004272460938,0.4424261569976807,3,0,0,0,0,0,0,0,0,0,0,0.9169354540416939,1.0,1.0,0.0,0.0,0.0,1,1,0,0,0.0016215351708811344
5,1,1,2,4.424261569976807,0,0,136.98301696777344,193.15139770507812,0.4424261569976807,3,0,0,0,0,0,0,0,0,0,0,0.9169354540416939,1.0,1.0,0.0,0.0,0.0,1,1,0,0,0.0016215351708811344
6,1,1,2,4.424261569976807,0,0,136.98301696777344,212.10272216796875,0.4424261569976807,3,0,0,0,0,0,0,0,0,0,0,0.9169354540416939,1.0,1.0,0.0,0.0,0.0,1,1,0,0,0.0016215351708811344
7,1,1,2,4.424261569976807,0,0,136.98301696777344,231.0540771484375,0.4424261569976807,3,0,0,0,0,0,0,0,0,0,0,0.9169354540416939,1.0,1.0,0.0,0.0,0.0,1,1,0,0,0.0016215351708811344
8,1,1,2,4.424261569976807,0,0,136.98301696777344,250.00540161132812,0.4424261569976807,3,0,0,0,0,0,0,0,0,0,0,0.9169354540416939,1.0,1.0,0.0,0.0,0.0,1,1,0,0,0.0016215351708811344
9,1,1,2,4.424261569976807,0,0,136.98301696777344,268.9567565917969,0.4424261569976807,3,0,0,0,0,0,0,0,0,0,0,0.9169354540416939,1.0,1.0,0.0,0.0,0.0,1,1,0,0,0.0016215351708811344
0,1,1,2,4.424261569976807,0,0,136.98301696777344,287.9081115722656,0.4424261569976807,3,0,0,0,0,0,0,0,0,0,0,0.9169354540416939,1.0,1.0,0.0,0.0,0.0,1,1,0,0,0.0016215351708811344
+,1,1,2,4.424261569976807,0,0,136.98301696777344,306.85943603515625,0.4424261569976807,3,0,0,0,0,0,0,0,0,0,0,0.9169354540416939,1.0,1.0,0.0,0.0,0.0,1,1,0,0,0.0016215351708811344
',1,1,2,4.424261569976807,0,0,136.98301696777344,325.8107604980469,0.4424261569976807,3,0,0,0,0,0,0,0,0,0,0,0.9169354540416939,1.0,1.0,0.0,0.0,0.0,1,1,0,0,0.0016215351708811344
Q,1,1,2,4.764589309692383,0,0,149.4499053955078,126.87519836425781,0.4764589309692383,1,0,0,0,0,0,0,0,0,0,0,0.8968686874591342,1.0,1.0,0.0,0.0,0.0,1,1,0,0,0.0011133768160660458
W,1,1,2,4.764589309692383,0,0,149.4498748779297,145.82655334472656,0.4764589309692383,1,0,0,0,0,0,0,0,0,0,0,0.8968687365803821,1.0,1.0,0.0,0.0,0.0,1,1,0,0,0.001113377450021486
E,1,1,2,4.764589309692383,0,0,149.4499053955078,165.45855712890625,0.4764589309692383,1,0,0,0,0,0,0,0,0,0,0,0.8968686874591342,1.0,1.0,0.0,0.0,0.0,1,1,0,0,0.0011133768160660458
R,1,1,2,4.764589309692383,0,0,149.4499053955078,184.40988159179688,0.4764589309692383,1,0,0,0,0,0,0,0,0,0,0,0.8968686874591342,1.0,1.0,0.0,0.0,0.0,1,1,0,0,0.0011133768160660458
T,1,1,2,4.764589309692383,0,0,149.4499053955078,203.36123657226562,0.4764589309692383,1,0,0,0,0,0,0,0,0,0,0,0.8968686874591342,1.0,1.0,0.0,0.0,0.0,1,1,0,0,0.0011133768160660458
Y,1,1,2,4.764589309692383,0,0,149.4499053955078,222.31256103515625,0.4764589309692383,1,0,0,0,0,0,0,0,0,0,0,0.8968686874591342,1.0,1.0,0.0,0.0,0.0,1,1,0,0,0.0011133768160660458
U,1,1,2,4.764589309692383,0,0,149.4499053955078,241.26388549804688,0.4764589309692383,1,0,0,0,0,0,0,0,0,0,0,0.8968686874591342,1.0,1.0,0.0,0.0,0.0,1,1,0,0,0.0011133768160660458
I,1,1,2,4.764589309692383,0,0,149.4499053955078,260.2152404785156,0.4764589309692383,1,0,0,0,0,0,0,0,0,0,0,0.8968686874591342,1.0,1.0,0.0,0.0,0.0,1,1,0,0,0.0011133768160660458
O,1,1,2,4.764589309692383,0,0,149.4499053955078,279.16656494140625,0.4764589309692383,1,0,0,0,0,0,0,0,0,0,0,0.8968686874591342,1.0,1.0,0.0,0.0,0.0,1,1,0,0,0.0011133768160660458
P,1,1,2,4.764589309692383,0,0,149.4499053955078,298.117919921875,0.4764589309692383,1,0,0,0,0,0,0,0,0,0,0,0.8968686874591342,1.0,1.0,0.0,0.0,0.0,1,1,0,0,0.0011133768160660458
Å,1,1,2,4.764589309692383,0,0,149.4499053955078,317.0692443847656,0.4764589309692383,1,0,0,0,0,0,0,0,0,0,0,0.8968686874591342,1.0,1.0,0.0,0.0,0.0,1,1,0,0,0.0011133768160660458
^,1,1,2,4.764589309692383,0,0,149.4499053955078,336.0205993652344,0.4764589309692383,3,0,0,0,0,0,0,0,0,0,0,0.8968686874591342,1.0,1.0,0.0,0.0,0.0,1,1,0,0,0.0011133768160660458
A,1,1,2,4.764589309692383,0,0,168.5325469970703,130.52157592773438,0.4764589309692383,1,0,0,0,0,0,0,0,0,0,0,0.8661531711523289,1.0,1.0,0.0,0.0,0.0,1,1,0,0,0.0007601250411946428
S,1,1,2,4.764589309692383,0,0,168.5325469970703,149.47293090820312,0.4764589309692383,1,0,0,0,0,0,0,0,0,0,0,0.8661531711523289,1.0,1.0,0.0,0.0,0.0,1,1,0,0,0.0007601250411946428
D,1,1,2,4.764589309692383,0,0,168.5325469970703,169.10491943359375,0.4764589309692383,1,0,0,0,0,0,0,0,0,0,0,0.8661531711523289,1.0,1.0,0.0,0.0,0.0,1,1,0,0,0.0007601250411946428
F,1,1,2,4.764589309692383,0,0,168.5325469970703,188.0562744140625,0.4764589309692383,1,0,0,0,0,0,0,0,0,0,0,0.8661531711523289,1.0,1.0,0.0,0.0,0.0,1,1,0,0,0.0007601250411946428
G,1,1,2,4.764589309692383,0,0,168.5325469970703,207.00759887695312,0.4764589309692383,1,0,0,0,0,0,0,0,0,0,0,0.8661531711523289,1.0,1.0,0.0,0.0,0.0,1,1,0,0,0.0007601250411946428
H,1,1,2,4.764589309692383,0,0,168.5325469970703,225.95895385742188,0.4764589309692383,1,0,0,0,0,0,0,0,0,0,0,0.8661531711523289,1.0,1.0,0.0,0.0,0.0,1,1,0,0,0.0007601250411946428
J,1,1,2,4.764589309692383,0,0,168.5325469970703,244.9102783203125,0.4764589309692383,1,0,0,0,0,0,0,0,0,0,0,0.8661531711523289,1.0,1.0,0.0,0.0,0.0,1,1,0,0,0.0007601250411946428
K,1,1,2,4.764589309692383,0,0,168.5325469970703,263.86163330078125,0.4764589309692383,1,0,0,0,0,0,0,0,0,0,0,0.8661531711523289,1.0,1.0,0.0,0.0,0.0,1,1,0,0,0.0007601250411946428
L,1,1,2,4.764589309692383,0,0,168.5325469970703,282.81292724609375,0.4764589309692383,1,0,0,0,0,0,0,0,0,0,0,0.8661531711523289,1.0,1.0,0.0,0.0,0.0,1,1,0,0,0.0007601250411946428
Æ,1,1,2,4.764589309692383,0,0,168.5325469970703,301.7643127441406,0.4764589309692383,1,0,0,0,0,0,0,0,0,0,0,0.8661531711523289,1.0,1.0,0.0,0.0,0.0,1,1,0,0,0.0007601250411946428
Ø,1,1,2,4.764589309692383,0,0,168.5325469970703,320.7156066894531,0.4764589309692383,1,0,0,0,0,0,0,0,0,0,0,0.8661531711523289,1.0,1.0,0.0,0.0,0.0,1,1,0,0,0.0007601250411946428
*,1,1,2,4.764589309692383,0,0,168.5325469970703,339.66693115234375,0.4764589309692383,3,0,0,0,0,0,0,0,0,0,0,0.8661531711523289,1.0,1.0,0.0,0.0,0.0,1,1,0,0,0.0007601250411946428
>,1,1,2,4.764589309692383,0,0,187.78440856933594,120.37998962402344,0.4764589309692383,3,0,0,0,0,0,0,0,0,0,0,0.8351652775259631,1.0,1.0,0.0,0.0,0.0,1,1,0,0,0.0004908534240284932
Z,1,1,2,4.764589309692383,0,0,187.78440856933594,139.331298828125,0.4764589309692383,1,0,0,0,0,0,0,0,0,0,0,0.8351652775259631,1.0,1.0,0.0,0.0,0.0,1,1,0,0,0.0004908534240284932
X,1,1,2,4.764589309692383,0,0,187.78443908691406,158.96331787109375,0.4764589309692383,1,0,0,0,0,0,0,0,0,0,0,0.8351652284047153,1.0,1.0,0.0,0.0,0.0,1,1,0,0,0.0004908530635137012
C,1,1,2,4.764589309692383,0,0,187.78443908691406,177.9146728515625,0.4764589309692383,1,0,0,0,0,0,0,0,0,0,0,0.8351652284047153,1.0,1.0,0.0,0.0,0.0,1,1,0,0,0.0004908530635137012
V,1,1,2,4.764589309692383,0,0,187.78443908691406,196.86599731445312,0.4764589309692383,1,0,0,0,0,0,0,0,0,0,0,0.8351652284047153,1.0,1.0,0.0,0.0,0.0,1,1,0,0,0.0004908530635137012
B,1,1,2,4.764589309692383,0,0,187.78443908691406,215.81735229492188,0.4764589309692383,1,0,0,0,0,0,0,0,0,0,0,0.8351652284047153,1.0,1.0,0.0,0.0,0.0,1,1,0,0,0.0004908530635137012
N,1,1,2,4.764589309692383,0,0,187.78443908691406,234.7686767578125,0.4764589309692383,1,0,0,0,0,0,0,0,0,0,0,0.8351652284047153,1.0,1.0,0.0,0.0,0.0,1,1,0,0,0.0004908530635137012
M,1,1,2,4.764589309692383,0,0,187.78443908691406,253.72000122070312,0.4764589309692383,1,0,0,0,0,0,0,0,0,0,0,0.8351652284047153,1.0,1.0,0.0,0.0,0.0,1,1,0,0,0.0004908530635137012
;,1,1,2,4.764589309692383,0,0,187.78443908691406,272.6713562011719,0.4764589309692383,3,0,0,0,0,0,0,0,0,0,1,0.8351652284047153,1.0,1.0,0.0,0.0,0.0,1,1,0,0,0.0004908530635137012
:,1,1,2,4.764589309692383,0,0,187.78443908691406,291.6226806640625,0.4764589309692383,3,0,0,0,0,0,0,0,0,1,0,0.8351652284047153,1.0,1.0,0.0,0.0,0.0,1,1,0,0,0.0004908530635137012
_,1,1,2,4.764589309692383,0,0,184.3811492919922,310.57403564453125,0.4764589309692383,3,0,0,0,0,0,0,0,0,0,0,0.8406431808483721,1.0,1.0,0.0,0.0,0.0,1,1,0,0,0.0005323219500489976
Num Lock,8,2,2,3.062950372695923,0,0,114.34828186035156,449.9664001464844,0.3062950372695923,2,0,0,0,0,0,0,0,0,0,0,0.9533684379968768,4.0,0.25,0.0,0.0,0.0,1,1,0,0,0.0035538448029515056
Caps Lock,9,2,2,3.062950372695923,0,0,114.34828186035156,473.1086120605469,0.3062950372695923,2,0,0,0,0,0,0,0,0,0,0,0.9533684379968768,4.5,0.2222222222222222,0.0,0.0,0.0,1,1,0,0,0.0035538448029515056
Scroll Lock,11,2,2,3.062950372695923,0,0,114.34828186035156,494.8895568847656,0.3062950372695923,2,0,0,0,0,0,0,0,0,0,0,0.9533684379968768,5.5,0.18181818181818182,0.0,0.0,0.0,1,1,0,0,0.0035538448029515056
Num,3,1,2,3.4036524295806885,0,0,130.44129943847656,447.9869689941406,0.34036524295806886,2,0,0,0,0,0,0,0,0,0,0,0.9274650356185536,3.0,0.3333333333333333,0.0,0.0,0.0,1,1,0,0,0.0027117938304773398
Lock,4,1,2,3.4036524295806885,0,0,133.83917236328125,447.9869689941406,0.34036524295806886,2,0,0,0,0,0,0,0,0,0,0,0.9219958021963977,4.0,0.25,0.0,0.0,0.0,1,1,0,0,0.0026109626786071853
/,1,1,2,4.764589309692383,0,0,130.54180908203125,466.72808837890625,0.4764589309692383,3,0,0,0,0,0,0,0,0,0,0,0.9273032547886217,1.0,1.0,0.0,0.0,0.0,1,1,0,0,0.0015460416691072635
*,1,1,2,6.806556701660156,0,0,130.5408935546875,485.4692687988281,0.6806556701660156,3,0,0,0,0,0,0,0,0,0,0,0.9273047284260585,1.0,1.0,0.0,0.0,0.0,1,1,0,0,0.0007299988291719793
_,1,1,2,6.806556701660156,0,0,124.83857727050781,504.21044921875,0.6806556701660156,3,0,0,0,0,0,0,0,0,0,0,0.9364832055190276,1.0,1.0,0.0,0.0,0.0,1,1,0,0,0.0008161050407163277
+,1,1,2,6.806556701660156,0,0,161.0974884033203,504.21044921875,0.6806556701660156,3,0,0,0,0,0,0,0,0,0,0,0.8781206790187284,1.0,1.0,0.0,0.0,0.0,1,1,0,0,0.00037677421754194
Enter,5,1,2,3.4036524295806885,0,0,199.7223358154297,504.21044921875,0.34036524295806886,2,0,0,0,0,0,0,0,0,0,0,0.8159499295331138,5.0,0.2,0.0,0.0,0.0,1,1,0,0,0.0009893723397172956
Ctrl,4,1,2,3.403278350830078,0,0,210.67625427246094,98.18199920654297,0.3403278350830078,2,0,0,0,0,0,0,0,0,0,0,0.7983184470572909,4.0,0.25,0.0,0.0,0.0,1,1,0,0,0.0008055733814415294
Alt,3,1,2,3.403278350830078,0,0,210.67625427246094,145.827880859375,0.3403278350830078,2,0,0,0,0,0,0,0,0,0,0,0.7983184470572909,3.0,0.3333333333333333,0.0,0.0,0.0,1,1,0,0,0.0008055733814415294
Caps Lock,9,2,2,3.403278350830078,0,0,172.37205505371094,97.34650421142578,0.3403278350830078,2,0,0,0,0,0,0,0,0,0,0,0.8599730795913053,4.5,0.2222222222222222,0.0,0.0,0.0,1,1,0,0,0.001565554863224912
Alt Gr,6,2,2,3.403278350830078,0,0,210.67625427246094,290.0716552734375,0.3403278350830078,2,0,0,0,0,0,0,0,0,0,0,0.7983184470572909,3.0,0.3333333333333333,0.0,0.0,0.0,1,1,0,0,0.0008055733814415294
Ctrl,4,1,2,3.403278350830078,0,0,210.67625427246094,361.57855224609375,0.3403278350830078,2,0,0,0,0,0,0,0,0,0,0,0.7983184470572909,4.0,0.25,0.0,0.0,0.0,1,1,0,0,0.0008055733814415294
Web,3,1,2,2.7226226329803467,0,0,85.37747192382812,239.92230224609375,0.27226226329803466,2,0,0,0,0,0,0,0,0,0,0,1.0,3.0,0.3333333333333333,0.0,0.0,0.0,1,1,0,0,0.004717071876365583
E-Mail,6,1,2,2.7226226329803467,0,0,85.37747192382812,254.19918823242188,0.27226226329803466,2,0,0,0,0,0,0,0,0,0,0,1.0,6.0,0.16666666666666666,0.0,0.0,0.0,1,1,0,0,0.004717071876365583
+Volume,7,1,2,2.7226226329803467,0,0,85.37747192382812,363.9462890625,0.27226226329803466,2,0,0,0,0,0,0,0,0,0,0,1.0,7.0,0.14285714285714285,0.0,0.0,0.0,1,1,0,0,0.004717071876365583
-Volume,7,1,2,2.7226226329803467,0,0,85.37747192382812,348.8405456542969,0.27226226329803466,2,0,0,0,0,0,0,0,0,0,0,1.0,7.0,0.14285714285714285,0.0,0.0,0.0,1,1,0,0,0.004717071876365583
Mute,4,1,2,2.7226226329803467,0,0,85.37747192382812,334.6886291503906,0.27226226329803466,2,0,0,0,0,0,0,0,0,0,0,1.0,4.0,0.25,0.0,0.0,0.0,1,1,0,0,0.004717071876365583
Previous,8,1,2,2.7226226329803467,0,0,85.37747192382812,300.49554443359375,0.27226226329803466,2,0,0,0,0,0,0,0,0,0,0,1.0,8.0,0.125,0.0,0.0,0.0,1,1,0,0,0.004717071876365583
Next,4,1,2,2.7226226329803467,0,0,85.37747192382812,319.0318603515625,0.27226226329803466,2,0,0,0,0,0,0,0,0,0,0,1.0,4.0,0.25,0.0,0.0,0.0,1,1,0,0,0.004717071876365583
Menu,4,1,2,2.7226226329803467,0,0,85.37747192382812,286.6460876464844,0.27226226329803466,2,0,0,0,0,0,0,0,0,0,0,1.0,4.0,0.25,0.0,0.0,0.0,1,1,0,0,0.004717071876365583
Tuner,5,1,2,2.7226226329803467,0,0,85.37747192382812,270.5166931152344,0.27226226329803466,2,0,0,0,0,0,0,0,0,0,0,1.0,5.0,0.2,0.0,0.0,0.0,1,1,0,0,0.004717071876365583
< \,3,2,2,4.764589309692383,0,0,193.2849578857422,120.37998962402344,0.4764589309692383,3,0,0,0,0,0,0,0,0,0,0,0.8263115655634313,1.5,0.6666666666666666,0.0,0.0,0.0,1,1,0,0,0.00042909843485317787
§,1,1,2,4.424261569976807,0,0,129.6902618408203,98.39469146728516,0.4424261569976807,3,0,0,0,0,0,0,0,0,0,0,0.9286739095291733,1.0,1.0,0.0,0.0,0.0,1,1,0,0,0.0018117455681898413
!,1,1,2,4.424261569976807,0,0,129.6902618408203,117.47733306884766,0.4424261569976807,3,0,0,0,0,0,0,0,0,0,1,0.9286739095291733,1.0,1.0,0.0,0.0,0.0,1,1,0,0,0.0018117455681898413
"""",1,1,2,4.424261569976807,0,0,129.6902618408203,135.8307342529297,0.4424261569976807,3,0,0,0,0,0,0,0,0,0,0,0.9286739095291733,1.0,1.0,0.0,0.0,0.0,1,1,0,0,0.0018117455681898413
#,1,1,2,4.424261569976807,0,0,129.6902618408203,155.21725463867188,0.4424261569976807,3,0,0,0,0,0,0,0,0,0,0,0.9286739095291733,1.0,1.0,0.0,0.0,0.0,1,1,0,0,0.0018117455681898413
¤,1,1,2,4.424261569976807,0,0,129.6902618408203,174.05685424804688,0.4424261569976807,3,0,0,0,0,0,0,0,0,0,0,0.9286739095291733,1.0,1.0,0.0,0.0,0.0,1,1,0,0,0.0018117455681898413
%,1,1,2,4.424261569976807,0,0,129.6902618408203,192.53179931640625,0.4424261569976807,3,0,0,0,0,0,0,0,0,0,0,0.9286739095291733,1.0,1.0,0.0,0.0,0.0,1,1,0,0,0.0018117455681898413
&,1,1,2,4.424261569976807,0,0,129.6902618408203,212.10064697265625,0.4424261569976807,3,0,0,0,0,0,0,0,0,0,0,0.9286739095291733,1.0,1.0,0.0,0.0,0.0,1,1,0,0,0.0018117455681898413
/,1,1,2,4.424261569976807,0,0,129.6902618408203,231.54794311523438,0.4424261569976807,3,0,0,0,0,0,0,0,0,0,0,0.9286739095291733,1.0,1.0,0.0,0.0,0.0,1,1,0,0,0.0018117455681898413
(,1,1,2,4.424261569976807,0,0,129.6902618408203,250.32241821289062,0.4424261569976807,3,0,0,0,0,0,0,0,0,0,0,0.9286739095291733,1.0,1.0,0.0,0.0,0.0,1,1,0,0,0.0018117455681898413
),1,1,2,4.424261569976807,0,0,129.6902618408203,269.3164367675781,0.4424261569976807,3,0,0,0,0,0,0,0,0,0,0,0.9286739095291733,1.0,1.0,0.0,0.0,0.0,1,1,0,0,0.0018117455681898413
=,1,1,2,4.424261569976807,0,0,129.6902618408203,287.7088317871094,0.4424261569976807,3,0,0,0,0,0,0,0,0,0,0,0.9286739095291733,1.0,1.0,0.0,0.0,0.0,1,1,0,0,0.0018117455681898413
?,1,1,2,4.424261569976807,0,0,129.6902618408203,306.960693359375,0.4424261569976807,3,0,0,0,0,0,0,0,0,0,1,0.9286739095291733,1.0,1.0,0.0,0.0,0.0,1,1,0,0,0.0018117455681898413
`,1,1,2,4.424261569976807,0,0,129.6902618408203,325.61090087890625,0.4424261569976807,3,0,0,0,0,0,0,0,0,0,0,0.9286739095291733,1.0,1.0,0.0,0.0,0.0,1,1,0,0,0.0018117455681898413
|,1,1,2,4.424261569976807,0,0,136.80068969726562,333.376953125,0.4424261569976807,3,0,0,0,0,0,0,0,0,0,0,0.917228928937224,1.0,1.0,0.0,0.0,0.0,1,1,0,0,0.001626170635235332
€,1,1,2,4.764589309692383,0,0,154.9342041015625,171.51498413085938,0.4764589309692383,3,0,0,0,0,0,0,0,0,0,0,0.8880411325611047,1.0,1.0,0.0,0.0,0.0,1,1,0,0,0.0010029736381652885
@,1,1,2,4.424261569976807,0,0,136.9829559326172,141.2891387939453,0.4424261569976807,3,0,0,0,0,0,0,0,0,0,0,0.9169355522841897,1.0,1.0,0.0,0.0,0.0,1,1,0,0,0.0016215367215625881
£,1,1,2,4.424261569976807,0,0,136.9829559326172,162.0020751953125,0.4424261569976807,3,0,0,0,0,0,0,0,0,0,0,0.9169355522841897,1.0,1.0,0.0,0.0,0.0,1,1,0,0,0.0016215367215625881
$,1,1,2,4.424261569976807,0,0,136.9829559326172,181.33987426757812,0.4424261569976807,3,0,0,0,0,0,0,0,0,0,0,0.9169355522841897,1.0,1.0,0.0,0.0,0.0,1,1,0,0,0.0016215367215625881
{,1,1,2,4.424261569976807,0,0,136.9829559326172,238.770263671875,0.4424261569976807,3,0,0,0,0,0,0,0,0,0,0,0.9169355522841897,1.0,1.0,0.0,0.0,0.0,1,1,0,0,0.0016215367215625881
[,1,1,2,4.424261569976807,0,0,136.9829559326172,257.6705627441406,0.4424261569976807,3,0,0,0,0,0,0,0,0,0,0,0.9169355522841897,1.0,1.0,0.0,0.0,0.0,1,1,0,0,0.0016215367215625881
],1,1,2,4.424261569976807,0,0,136.9829559326172,277.1178894042969,0.4424261569976807,3,0,0,0,0,0,0,0,0,0,0,0.9169355522841897,1.0,1.0,0.0,0.0,0.0,1,1,0,0,0.0016215367215625881
},1,1,2,4.424261569976807,0,0,136.9829559326172,295.89666748046875,0.4424261569976807,3,0,0,0,0,0,0,0,0,0,0,0.9169355522841897,1.0,1.0,0.0,0.0,0.0,1,1,0,0,0.0016215367215625881
""" ~",3,2,2,4.764589309692383,0,0,156.06773376464844,336.5362548828125,0.4764589309692383,3,0,0,0,0,0,0,0,0,0,0,0.8862165974900319,1.5,0.6666666666666666,0.0,0.0,0.0,1,1,0,0,0.000981040938781615
',1,1,2,4.764589309692383,0,0,175.83798217773438,339.66693115234375,0.4764589309692383,3,0,0,0,0,0,0,0,0,0,0,0.8543943057863503,1.0,1.0,0.0,0.0,0.0,1,1,0,0,0.0006478717825429232
-,1,1,2,4.764589309692383,0,0,191.8683319091797,310.57403564453125,0.4764589309692383,3,0,0,0,0,0,0,0,0,0,0,0.8285917738905733,1.0,1.0,0.0,0.0,0.0,1,1,0,0,0.000444393578101015
.,1,1,2,4.764589309692383,0,0,193.9103240966797,291.6226806640625,0.4764589309692383,3,0,0,0,0,0,0,0,0,0,1,0.8253049729516304,1.0,1.0,0.0,0.0,0.0,1,1,0,0,0.00042247844858004643
",",1,1,2,4.764589309692383,0,0,193.9103240966797,272.6713562011719,0.4764589309692383,3,0,0,0,0,0,0,0,0,0,1,0.8253049729516304,1.0,1.0,0.0,0.0,0.0,1,1,0,0,0.00042247844858004643
7,1,1,2,4.764589309692383,0,0,148.229248046875,447.743896484375,0.4764589309692383,3,0,0,0,0,0,0,0,0,0,0,0.8988334636929384,1.0,1.0,0.0,0.0,0.0,1,1,0,0,0.0011389069841601608
8,1,1,2,4.764589309692383,0,0,148.229248046875,466.30816650390625,0.4764589309692383,3,0,0,0,0,0,0,0,0,0,0,0.8988334636929384,1.0,1.0,0.0,0.0,0.0,1,1,0,0,0.0011389069841601608
9,1,1,2,4.764589309692383,0,0,148.229248046875,485.21624755859375,0.4764589309692383,3,0,0,0,0,0,0,0,0,0,0,0.8988334636929384,1.0,1.0,0.0,0.0,0.0,1,1,0,0,0.0011389069841601608
4,1,1,2,4.764589309692383,0,0,167.30918884277344,447.743896484375,0.4764589309692383,3,0,0,0,0,0,0,0,0,0,0,0.8681222946165715,1.0,1.0,0.0,0.0,0.0,1,1,0,0,0.0007801602889308065
5,1,1,2,4.764589309692383,0,0,167.30918884277344,466.30816650390625,0.4764589309692383,3,0,0,0,0,0,0,0,0,0,0,0.8681222946165715,1.0,1.0,0.0,0.0,0.0,1,1,0,0,0.0007801602889308065
6,1,1,2,4.764589309692383,0,0,167.30918884277344,485.21624755859375,0.4764589309692383,3,0,0,0,0,0,0,0,0,0,0,0.8681222946165715,1.0,1.0,0.0,0.0,0.0,1,1,0,0,0.0007801602889308065
1,1,1,2,4.764589309692383,0,0,186.38916015625,447.743896484375,0.4764589309692383,3,0,0,0,0,0,0,0,0,0,0,0.8374110764189568,1.0,1.0,0.0,0.0,0.0,1,1,0,0,0.000507547457012097
2,1,1,2,4.764589309692383,0,0,186.38916015625,466.30816650390625,0.4764589309692383,3,0,0,0,0,0,0,0,0,0,0,0.8374110764189568,1.0,1.0,0.0,0.0,0.0,1,1,0,0,0.000507547457012097
3,1,1,2,4.764589309692383,0,0,186.38916015625,485.21624755859375,0.4764589309692383,3,0,0,0,0,0,0,0,0,0,0,0.8374110764189568,1.0,1.0,0.0,0.0,0.0,1,1,0,0,0.000507547457012097
0,1,1,2,4.764589309692383,0,0,205.64100646972656,447.743896484375,0.4764589309692383,3,0,0,0,0,0,0,0,0,0,0,0.806423207353215,1.0,1.0,0.0,0.0,0.0,1,1,0,0,0.00031259124684532747
Home,4,1,2,3.4036524295806885,0,0,156.57362365722656,447.4139404296875,0.34036524295806886,2,0,0,0,0,0,0,0,0,0,0,0.8854023145637279,4.0,0.25,0.0,0.0,0.0,1,1,0,0,0.001967015133082807
PgUp,4,1,2,3.4036524295806885,0,0,156.57362365722656,484.72845458984375,0.34036524295806886,3,0,0,0,0,0,0,0,0,0,0,0.8854023145637279,4.0,0.25,0.0,0.0,0.0,1,1,0,0,0.001967015133082807
End,3,1,2,3.4036524295806885,0,0,194.61740112304688,447.4139404296875,0.34036524295806886,2,0,0,0,0,0,0,0,0,0,0,0.824166858198599,3.0,0.3333333333333333,0.0,0.0,0.0,1,1,0,0,0.0010843518110932703
PgDn,4,1,2,3.4036524295806885,0,0,194.61740112304688,484.72845458984375,0.34036524295806886,3,0,0,0,0,0,0,0,0,0,0,0.824166858198599,4.0,0.25,0.0,0.0,0.0,1,1,0,0,0.0010843518110932703
Ins,3,1,2,3.4036524295806885,0,0,213.57852172851562,447.4139404296875,0.34036524295806886,2,0,0,0,0,0,0,0,0,0,0,0.7936469427008994,3.0,0.3333333333333333,0.0,0.0,0.0,1,1,0,0,0.0007610528312552021
Del,3,1,2,3.4036524295806885,0,0,213.57852172851562,484.72845458984375,0.34036524295806886,2,0,0,0,0,0,0,0,0,0,0,0.7936469427008994,3.0,0.3333333333333333,0.0,0.0,0.0,1,1,0,0,0.0007610528312552021
",",1,1,2,4.764589309692383,0,0,205.64100646972656,485.17987060546875,0.4764589309692383,3,0,0,0,0,0,0,0,0,0,1,0.806423207353215,1.0,1.0,0.0,0.0,0.0,1,1,0,0,0.00031259124684532747
"Figure 2: This figure floats to the top of the page, spanning both columns.",75,14,2,9.0,1,0,250.78541564941406,72.0,0.9,3,0,0,0,0,0,0,0,0,0,1,0.7337585383167101,5.357142857142857,0.18666666666666668,0.0,0.0,0.0,0,0,0,0,0.005692566648480355
"includes a number of features. On the other hand,",49,9,2,10.0,0,0,279.52288818359375,72.0,1.0,3,0,0,0,0,0,0,0,0,0,1,0.6875025573749683,5.444444444444445,0.1836734693877551,0.0,0.0,0.0,1,0,0,0,0.018616053098755105
we have also tried to keep this document simple,47,9,2,10.0,0,0,291.52288818359375,72.0,1.0,0,0,0,0,0,0,0,0,0,0,0,0.668187296763907,5.222222222222222,0.19148936170212766,0.0,0.0,0.0,1,0,0,0,0.019776993081282553
and easy to maintain.,21,4,2,10.0,0,0,303.52288818359375,72.0,1.0,0,0,0,0,0,0,0,0,0,0,1,0.6488720361528455,5.25,0.19047619047619047,0.0,0.0,0.0,1,1,0,0,0.021074665690868532
"This template is written in HTML, with CSS to",45,9,2,10.0,0,0,315.52288818359375,87.0,1.0,3,0,0,0,0,0,0,0,0,0,1,0.629556775541784,5.0,0.2,0.0,0.0,0.0,1,0,0,0,0.022580946514536748
"provide styling, and a small JavaScript to help for-",52,9,2,10.0,0,0,327.52288818359375,72.0,1.0,3,0,0,0,0,0,0,0,0,0,1,0.6102415149307225,5.777777777777778,0.17307692307692307,0.0,0.0,0.0,1,0,0,0,0.02432688200619464
mat references.,15,2,2,10.0,0,0,339.52288818359375,72.0,1.0,0,0,0,0,0,0,0,0,0,0,1,0.5909262543196612,7.5,0.13333333333333333,0.0,0.0,0.0,1,1,0,0,0.02807114985666972
3.1 HTML5,9,2,2,12.0,1,1,363.3979187011719,72.0,1.2,1,0,0,0,0,0,0,0,0,0,1,0.5524968846076556,4.5,0.2222222222222222,0.0,0.0,0.0,1,1,1,1,0.9727423401467138
This template uses HTML5 elements to aid in rep-,48,9,2,10.0,0,0,381.52288818359375,72.0,1.0,3,0,0,0,0,0,0,0,0,0,0,0.523322842180946,5.333333333333333,0.1875,0.0,0.0,0.0,1,0,0,0,0.04450096609604696
resenting the document structure. The section,45,6,2,10.0,0,0,393.52288818359375,72.0,1.0,3,0,0,0,0,0,0,0,0,0,1,0.5040075815698847,7.5,0.13333333333333333,0.0,0.0,0.0,1,0,0,0,0.05451632454267343
"element is used to split the text into sections, and",52,10,2,10.0,0,0,405.82598876953125,72.0,1.0,0,0,0,0,0,0,0,0,0,0,1,0.4842044487247608,5.2,0.19230769230769232,0.0,0.0,0.0,1,0,0,0,0.05468651867410177
the header element holds the headlines. The,43,7,2,10.0,0,0,417.82598876953125,72.0,1.0,3,0,0,0,0,0,0,0,0,0,1,0.4648891881136994,6.142857142857143,0.16279069767441862,0.0,0.0,0.0,1,0,0,0,0.061952257678449224
figure element is used to include figures and,45,8,2,10.0,0,0,430.12908935546875,72.0,1.0,0,0,0,0,0,0,0,0,0,0,0,0.4450860552685756,5.625,0.17777777777777778,0.0,0.0,0.0,1,0,0,0,0.06642106654397867
their corrensponding captions live inside the fig-,50,7,2,10.0,0,0,442.43218994140625,72.0,1.0,0,0,0,0,0,0,0,0,0,0,0,0.4252829224234518,7.142857142857143,0.14,0.0,0.0,0.0,1,0,0,0,0.07599185178591629
caption element. The cite element holds all ref-,48,8,2,10.0,0,0,454.73529052734375,72.0,1.0,3,0,0,0,0,0,0,0,0,0,1,0.405479789578328,6.0,0.16666666666666666,0.0,0.0,0.0,1,0,0,0,0.08538503551301191
erences.,8,1,2,10.0,0,0,467.03839111328125,72.0,1.0,0,0,0,0,0,0,0,0,0,0,1,0.38567665673320417,8.0,0.125,0.0,0.0,0.0,1,1,0,0,0.09657091386525478
"A small microformat, based on a convention of",45,8,2,10.0,0,0,479.03839111328125,87.0,1.0,3,0,0,0,0,0,0,0,0,0,1,0.36636139612214275,5.625,0.17777777777777778,0.0,0.0,0.0,1,0,0,0,0.10199920226598497
"class names, is used to encode the name and affili-",51,10,2,10.0,0,0,491.03839111328125,72.0,1.0,0,0,0,0,0,0,0,0,0,0,1,0.34704613551108127,5.1,0.19607843137254902,0.0,0.0,0.0,1,0,0,0,0.11191384272456739
ation of the authors.,21,4,2,10.0,0,0,503.03839111328125,72.0,1.0,0,0,0,0,0,0,0,0,0,0,1,0.32773087490001984,5.25,0.19047619047619047,0.0,0.0,0.0,1,1,0,0,0.11749080110805189
3.2 CSS,7,2,2,12.0,1,1,526.9133911132812,72.0,1.2,1,0,0,0,0,0,0,0,0,0,1,0.2893015543092622,3.5,0.2857142857142857,0.0,0.0,0.0,1,1,1,1,0.9924370298807507
A CSS style sheet describes how to format the,45,9,2,10.0,0,0,545.0383911132812,72.0,1.0,3,0,0,0,0,0,0,0,0,0,0,0.2601274627613048,5.0,0.2,0.0,0.0,0.0,1,0,0,0,0.13422175159939645
HTML document into a PDF file. CSS is a declar-,47,10,2,10.0,0,0,557.0383911132812,72.0,1.0,3,0,0,0,0,0,0,0,0,0,1,0.24081220215024332,4.7,0.2127659574468085,0.0,0.0,0.0,1,0,0,0,0.13619692007075077
ative language which attaches property values to,48,7,2,10.0,0,0,569.0383911132812,72.0,1.0,0,0,0,0,0,0,0,0,0,0,0,0.2214969415391819,6.857142857142857,0.14583333333333334,0.0,0.0,0.0,1,0,0,0,0.1335770510371884
HTML elements and documents. Many aspects of,44,7,2,10.0,0,0,581.0383911132812,72.0,1.0,3,0,0,0,0,0,0,0,0,0,1,0.20218168092812044,6.285714285714286,0.1590909090909091,0.0,0.0,0.0,1,0,0,0,0.12827536548053262
CSS is used to achieve the presentation of USENIX,49,9,2,10.0,0,0,593.0383911132812,72.0,1.0,3,0,0,0,0,0,0,0,0,0,0,0.182866420317059,5.444444444444445,0.1836734693877551,0.0,0.0,0.0,1,0,0,0,0.12887704045933598
"papers, including:",18,2,2,10.0,0,0,605.0383911132812,72.0,1.0,0,0,0,0,0,0,0,0,0,1,1,0.16355115970599754,9.0,0.1111111111111111,0.0,0.0,0.0,1,1,0,0,0.12604095983276106
•,1,1,2,10.0,0,0,625.0383911132812,74.44999694824219,1.0,3,0,0,0,0,0,0,0,0,0,0,0.13135905868756179,1.0,1.0,0.0,0.0,0.0,1,1,0,0,0.11970017148728368
multi-column layout,19,2,2,10.0,0,0,625.0383911132812,87.0,1.0,0,0,0,0,0,0,0,0,0,0,0,0.13135905868756179,9.5,0.10526315789473684,0.0,0.0,0.0,1,1,0,0,0.11970017148728368
•,1,1,2,10.0,0,0,637.0383911132812,74.44999694824219,1.0,3,0,0,0,0,0,0,0,0,0,0,0.11204379807650035,1.0,1.0,0.0,0.0,0.0,1,1,0,0,0.11580363725430419
footnotes,9,1,2,10.0,0,0,637.0383911132812,87.0,1.0,0,0,0,0,0,0,0,0,0,0,0,0.11204379807650035,9.0,0.1111111111111111,0.0,0.0,0.0,1,1,0,0,0.11580363725430419
•,1,1,2,10.0,0,0,649.0383911132812,74.44999694824219,1.0,3,0,0,0,0,0,0,0,0,0,0,0.09272853746543891,1.0,1.0,0.0,0.0,0.0,1,1,0,0,0.10700519087881216
page and column floats,22,4,2,10.0,0,0,649.0383911132812,87.0,1.0,0,0,0,0,0,0,0,0,0,0,0,0.09272853746543891,5.5,0.18181818181818182,0.0,0.0,0.0,1,1,0,0,0.10700519087881216
•,1,1,2,10.0,0,0,661.0383911132812,74.44999694824219,1.0,3,0,0,0,0,0,0,0,0,0,0,0.07341327685437746,1.0,1.0,0.0,0.0,0.0,1,1,0,0,0.1034637185496257
multi-level counters,20,2,2,10.0,0,0,661.0383911132812,87.0,1.0,0,0,0,0,0,0,0,0,0,0,0,0.07341327685437746,10.0,0.1,0.0,0.0,0.0,1,1,0,0,0.1034637185496257
Some commonly used features are absent from,43,7,2,10.0,0,0,681.0383911132812,87.0,1.0,3,0,0,0,0,0,0,0,0,0,0,0.04122117583594171,6.142857142857143,0.16279069767441862,0.0,0.0,0.0,1,0,0,0,0.09849685847030291
the above list: page numbers and running headers,48,8,2,10.0,0,0,693.0383911132812,72.0,1.0,0,0,0,0,0,0,0,0,0,0,0,0.021905915224880265,6.0,0.16666666666666666,0.0,0.0,0.0,1,0,0,0,0.0962865114098288
"should not be specifed by USENIX authors, these",47,8,2,10.0,0,0,705.0383911132812,72.0,1.0,3,0,0,0,0,0,0,0,0,0,1,0.002590654613818819,5.875,0.1702127659574468,0.0,0.0,0.0,1,0,0,0,0.09474674866078843
are added by those who compile the Proceedings.,47,8,2,10.0,0,0,279.52288818359375,315.0,1.0,3,0,0,0,0,0,0,0,0,0,1,0.6875025573749683,5.875,0.1702127659574468,0.0,0.0,0.0,1,0,0,0,0.018616053098755105
3.3 JavaScript,14,2,2,12.0,1,1,303.3979187011719,315.0,1.2,3,0,0,0,0,0,0,0,0,0,1,0.6490731876629628,7.0,0.14285714285714285,0.0,0.0,0.0,1,1,0,0,0.40308631534344946
This template uses JavaScript to process refer-,47,7,2,10.0,0,0,321.52288818359375,315.0,1.0,3,0,0,0,0,0,0,0,0,0,0,0.6198991452362533,6.714285714285714,0.14893617021276595,0.0,0.0,0.0,1,0,0,0,0.023417962418615892
ences. References are added at the point where,46,8,2,10.0,0,0,333.52288818359375,315.0,1.0,3,0,0,0,0,0,0,0,0,0,1,0.6005838846251919,5.75,0.17391304347826086,0.0,0.0,0.0,1,0,0,0,0.02531839274167462
"they appear, and a script is later used to move the",51,11,2,10.0,0,0,345.52288818359375,315.0,1.0,0,0,0,0,0,0,0,0,0,0,1,0.5812686240141304,4.636363636363637,0.21568627450980393,0.0,0.0,0.0,0,0,0,0,0.03426778184160116
"references to the end of the paper, leaving behind",50,9,2,10.0,0,0,357.52288818359375,315.0,1.0,0,0,0,0,0,0,0,0,0,0,1,0.561953363403069,5.555555555555555,0.18,0.0,0.0,0.0,1,0,0,0,0.033705066407972245
a numeric marker.,17,3,2,10.0,0,0,369.52288818359375,315.0,1.0,0,0,0,0,0,0,0,0,0,0,1,0.5426381027920075,5.666666666666667,0.17647058823529413,0.0,0.0,0.0,1,1,0,0,0.03709402596502381
3.4 PDF,7,2,2,12.0,1,1,393.3979187011719,315.0,1.2,1,0,0,0,0,0,0,0,0,0,1,0.5042087330800019,3.5,0.2857142857142857,0.0,0.0,0.0,1,1,1,1,0.9824933873658153
(This section has been added by Håkon Wium Lie),47,9,2,10.0,0,0,411.52288818359375,315.0,1.0,3,0,0,0,0,0,0,0,0,0,0,0.47503469065329246,5.222222222222222,0.19148936170212766,0.0,0.0,0.0,1,0,0,0,0.05889202916064289
"In order to convert the document to PDF, a for-",47,10,2,10.0,0,0,423.52288818359375,330.0,1.0,3,0,0,0,0,0,0,0,0,0,1,0.45571943004223103,4.7,0.2127659574468085,0.0,0.0,0.0,1,0,0,0,0.06405796044073671
matter is needed. Common browsers support,41,6,2,10.0,0,0,435.52288818359375,315.0,1.0,3,0,0,0,0,0,0,0,0,0,1,0.43640416943116955,6.833333333333333,0.14634146341463414,0.0,0.0,0.0,1,0,0,0,0.0702285479649573
"HTML and CSS, but they do not support all the CSS",49,11,2,10.0,0,0,447.52288818359375,315.0,1.0,3,0,0,0,0,0,0,0,0,0,1,0.41708890882010813,4.454545454545454,0.22448979591836735,0.0,0.0,0.0,0,0,0,0,0.07983633707942546
functionality for page-based formatting. For ex-,48,6,2,10.0,0,0,459.52288818359375,315.0,1.0,3,0,0,0,0,0,0,0,0,0,1,0.39777364820904665,8.0,0.125,0.0,0.0,0.0,1,0,0,0,0.09076492725750773
"ample, browsers do not support footnotes or page",48,8,2,10.0,0,0,471.52288818359375,315.0,1.0,0,0,0,0,0,0,0,0,0,0,1,0.3784583875979852,6.0,0.16666666666666666,0.0,0.0,0.0,1,0,0,0,0.09671360585311856
floats. This paper has been formatted with,42,7,2,10.0,0,0,483.52288818359375,315.0,1.0,3,0,0,0,0,0,0,0,0,0,1,0.3591431269869238,6.0,0.16666666666666666,0.0,0.0,0.0,1,0,0,0,0.10852187467811862
"Prince, [a]  a purpose-built program for converting",51,7,2,9.367499947547913,0,0,490.327880859375,315.0,0.9367499947547913,3,0,0,0,0,0,0,0,0,0,1,0.3481897764045005,7.285714285714286,0.13725490196078433,0.0,0.0,0.0,1,0,0,0,0.018251505360599312
HTML and XML documents into PDF by way of,41,9,2,10.0,0,0,507.52288818359375,315.0,1.0,3,0,0,0,0,0,0,0,0,0,0,0.3205126057648009,4.555555555555555,0.21951219512195122,0.0,0.0,0.0,1,0,0,0,0.13147125943697266
"CSS. Prince is a commercial product, but can be",47,9,2,10.0,0,0,519.5228881835938,315.0,1.0,3,0,0,0,0,0,0,0,0,0,1,0.3011973451537394,5.222222222222222,0.19148936170212766,0.0,0.0,0.0,1,0,0,0,0.16554356679367965
downloaded and used for free for non-commercial,47,7,2,10.0,0,0,531.5228881835938,315.0,1.0,0,0,0,0,0,0,0,0,0,0,0,0.281882084542678,6.714285714285714,0.14893617021276595,0.0,0.0,0.0,1,0,0,0,0.13044094395796857
purposes.,9,1,2,10.0,0,0,543.5228881835938,315.0,1.0,0,0,0,0,0,0,0,0,0,0,1,0.26256682393161657,9.0,0.1111111111111111,0.0,0.0,0.0,1,1,0,0,0.13408173384892585
In order for Prince to process the script includ-,49,9,2,10.0,0,0,555.5228881835938,330.0,1.0,3,0,0,0,0,0,0,0,0,0,0,0.2432515633205551,5.444444444444445,0.1836734693877551,0.0,0.0,0.0,1,0,0,0,0.13623231600439575
"ed in this template, a command line option must",47,9,2,10.0,0,0,567.5228881835938,315.0,1.0,0,0,0,0,0,0,0,0,0,0,1,0.22393630270949366,5.222222222222222,0.19148936170212766,0.0,0.0,0.0,1,0,0,0,0.1337587573175644
be specified:,13,2,2,10.0,0,0,579.5228881835938,315.0,1.0,0,0,0,0,0,0,0,0,0,1,0,0.2046210420984322,6.5,0.15384615384615385,0.0,0.0,0.0,1,1,0,0,0.12857113465219858
$ prince --javascript example.html,34,4,2,10.0,0,0,600.3297729492188,318.0,1.0,0,0,0,0,0,0,0,0,0,0,1,0.17113017528573463,8.5,0.11764705882352941,0.0,0.0,0.0,1,1,0,0,0.12527602943407298
4 Tables,8,2,2,12.0,1,1,626.3978881835938,315.0,1.2,2,0,0,0,0,0,0,0,1,0,0,0.12917080533647343,4.0,0.25,0.0,0.0,0.0,1,1,1,1,0.9930776726896499
The table below lists recipients of the USENIX Life-,52,9,2,10.0,0,0,644.5228881835938,315.0,1.0,3,0,0,0,0,0,0,0,0,0,0,0.09999671378851603,5.777777777777778,0.17307692307692307,0.0,0.0,0.0,1,0,0,0,0.10841036258230334
time Achievement Award in the 1900s. Notice how,47,8,2,10.0,0,0,656.5228881835938,315.0,1.0,3,0,0,0,0,0,0,0,0,0,1,0.08068145317745458,5.875,0.1702127659574468,0.0,0.0,0.0,1,0,0,0,0.10475772374462373
notes inside the table are moved to the end of the,50,11,2,10.0,0,0,668.5228881835938,315.0,1.0,0,0,0,0,0,0,0,0,0,0,0,0.06136619256639314,4.545454545454546,0.22,0.0,0.0,0.0,0,0,0,0,0.10144587602609001
table.,6,1,2,10.0,0,0,680.5228881835938,315.0,1.0,0,0,0,0,0,0,0,0,0,0,1,0.04205093195533169,6.0,0.16666666666666666,0.0,0.0,0.0,1,1,0,0,0.09860590279395155
[a] www.princexml.com,21,2,2,9.0,0,0,706.6478881835938,313.9289855957031,0.9,0,0,0,0,0,0,0,0,0,0,1,0.0,10.5,0.09523809523809523,0.0,0.0,0.0,1,1,0,0,0.018942603536177844
Year,4,1,3,10.0,0,0,73.93751525878906,74.5625,1.0,2,0,0,0,0,0,0,0,0,0,0,0.9885210884136496,4.0,0.25,0.0,0.0,0.0,1,1,0,0,0.00818391852333665
Recipient,9,1,3,10.0,0,0,73.93751525878906,112.96019744873047,1.0,2,0,0,0,0,0,0,0,0,0,0,0.9885210884136496,9.0,0.1111111111111111,0.0,0.0,0.0,1,1,0,0,0.00818391852333665
1999,4,1,3,10.0,0,0,90.50001525878906,74.5625,1.0,3,0,0,0,0,0,0,0,0,0,0,0.9177789588698622,4.0,0.25,0.0,0.0,0.0,1,1,0,0,0.008554176173807302
X Window System *,17,4,3,10.0,0,0,90.50001525878906,112.96019744873047,1.0,2,0,0,0,0,0,0,0,0,0,0,0.9177789588698622,4.25,0.23529411764705882,0.0,0.0,0.0,1,1,0,0,0.008554176173807302
1998,4,1,3,10.0,0,0,107.06251525878906,74.5625,1.0,3,0,0,0,0,0,0,0,0,0,0,0.8470368293260747,4.0,0.25,0.0,0.0,0.0,1,1,0,0,0.00911522730419397
Tim Berners-Lee,15,2,3,10.0,0,0,107.06251525878906,112.96019744873047,1.0,2,0,0,0,0,0,0,0,0,0,0,0.8470368293260747,7.5,0.13333333333333333,0.0,0.0,0.0,1,1,0,0,0.00911522730419397
1997,4,1,3,10.0,0,0,123.62501525878906,74.5625,1.0,3,0,0,0,0,0,0,0,0,0,0,0.7762946997822873,4.0,0.25,0.0,0.0,0.0,1,1,0,0,0.009846711440858564
Brian W. Kernighan,18,3,3,10.0,0,0,123.62501525878906,112.96019744873047,1.0,2,0,0,0,0,0,0,0,0,0,1,0.7762946997822873,6.0,0.16666666666666666,0.0,0.0,0.0,1,1,0,0,0.009846711440858564
1996,4,1,3,10.0,0,0,140.18751525878906,74.5625,1.0,3,0,0,0,0,0,0,0,0,0,0,0.7055525702384998,4.0,0.25,0.0,0.0,0.0,1,1,0,0,0.010748036377290668
The Software Tools Project,26,4,3,10.0,0,0,140.18751525878906,112.96019744873047,1.0,2,0,0,0,0,0,0,0,0,0,0,0.7055525702384998,6.5,0.15384615384615385,0.0,0.0,0.0,1,1,0,0,0.010748036377290668
1995,4,1,3,10.0,0,0,156.75001525878906,74.5625,1.0,3,0,0,0,0,0,0,0,0,0,0,0.6348104406947124,4.0,0.25,0.0,0.0,0.0,1,1,0,0,0.011855437533152125
The Creation of USENET **,25,5,3,10.0,0,0,156.75001525878906,112.96019744873047,1.0,3,0,0,0,0,0,0,0,0,0,0,0.6348104406947124,5.0,0.2,0.0,0.0,0.0,1,1,0,0,0.011855437533152125
1994,4,1,3,10.0,0,0,173.31251525878906,74.5625,1.0,3,0,0,0,0,0,0,0,0,0,0,0.564068311150925,4.0,0.25,0.0,0.0,0.0,1,1,0,0,0.013275542327203724
Networking Technologies,23,2,3,10.0,0,0,173.31251525878906,112.96019744873047,1.0,2,0,0,0,0,0,0,0,0,0,0,0.564068311150925,11.5,0.08695652173913043,0.0,0.0,0.0,1,1,0,0,0.013275542327203724
1993,4,1,3,10.0,0,0,189.87501525878906,74.5625,1.0,3,0,0,0,0,0,0,0,0,0,0,0.49332618160713754,4.0,0.25,0.0,0.0,0.0,1,1,0,0,0.01522360186802336
Berkeley UNIX,13,2,3,10.0,0,0,189.87501525878906,112.96019744873047,1.0,3,0,0,0,0,0,0,0,0,0,0,0.49332618160713754,6.5,0.15384615384615385,0.0,0.0,0.0,1,1,0,0,0.01522360186802336
* Given to the Community at Large,33,7,3,10.0,0,0,206.43751525878906,74.5625,1.0,3,0,0,0,0,0,0,0,0,0,0,0.42258405206335015,4.714285714285714,0.21212121212121213,0.0,0.0,0.0,1,0,0,0,0.0180009145731851
** Given to Jim Ellis and Tom Truscott,38,8,3,10.0,0,0,218.43751525878906,74.5625,1.0,3,0,0,0,0,0,0,0,0,0,0,0.37132937707313435,4.75,0.21052631578947367,0.0,0.0,0.0,1,0,0,0,0.020634426813585998
5 Conclusions,13,2,3,12.0,1,1,244.87501525878906,72.0,1.2,2,0,0,0,0,0,0,0,1,0,0,0.25840892123531517,6.5,0.15384615384615385,0.0,0.0,0.0,1,1,1,1,0.8973988702354703
Each good paper concludes the most significant,46,7,3,10.0,0,0,263.0,72.0,1.0,3,0,0,0,0,0,0,0,0,0,0,0.18099307105919954,6.571428571428571,0.15217391304347827,0.0,0.0,0.0,1,0,0,0,0.03441279886233759
findings in the end.,20,4,3,10.0,0,0,275.0,72.0,1.0,0,0,0,0,0,0,0,0,0,0,1,0.12973839606898374,5.0,0.2,0.0,0.0,0.0,1,1,0,0,0.03397434009782103
Acknowledgments,15,1,3,12.0,1,1,71.25001525878906,315.0,1.2,2,0,0,0,0,0,0,0,0,0,0,1.0,15.0,0.06666666666666667,0.0,0.0,0.0,1,1,0,0,0.12024934764321489
A polite author always includes acknowledgments.,48,6,3,10.0,0,0,89.37501525878906,315.0,1.0,3,0,0,0,0,0,0,0,0,0,1,0.9225840846501949,8.0,0.125,0.0,0.0,0.0,1,0,0,0,0.008522688190827066
"Thank everyone, especially those who funded the",47,7,3,10.0,0,0,101.37501525878906,315.0,1.0,3,0,0,0,0,0,0,0,0,0,1,0.8713294096599791,6.714285714285714,0.14893617021276595,0.0,0.0,0.0,1,0,0,0,0.008902611057687578
work.,5,1,3,10.0,0,0,113.37501525878906,315.0,1.0,0,0,0,0,0,0,0,0,0,0,1,0.8200747346697633,5.0,0.2,0.0,0.0,0.0,1,1,0,0,0.009374521354984412
Availability,12,1,3,12.0,1,1,137.25001525878906,315.0,1.2,2,0,0,0,0,0,0,0,0,0,0,0.7180992875538131,12.0,0.08333333333333333,0.0,0.0,0.0,1,1,0,0,0.1417785027086728
Please include a section at the end of your paper,49,10,3,10.0,0,0,155.37501525878906,315.0,1.0,3,0,0,0,0,0,0,0,0,0,0,0.640683372204008,4.9,0.20408163265306123,0.0,0.0,0.0,1,0,0,0,0.011753718126935778
providing availability information. If the system,49,6,3,10.0,0,0,167.37501525878906,315.0,1.0,3,0,0,0,0,0,0,0,0,0,1,0.5894286972137922,8.166666666666666,0.12244897959183673,0.0,0.0,0.0,1,0,0,0,0.012719130629327289
"you describe is available to others, and if more in-",52,10,3,10.0,0,0,179.37501525878906,315.0,1.0,0,0,0,0,0,0,0,0,0,0,1,0.5381740222235764,5.2,0.19230769230769232,0.0,0.0,0.0,1,0,0,0,0.013912007471763072
"formation (reports, etc.) may be obtained, indicate",51,7,3,10.0,0,0,191.37501525878906,315.0,1.0,0,0,0,0,0,0,0,0,0,0,1,0.4869193472333606,7.285714285714286,0.13725490196078433,0.0,0.0,0.0,1,0,0,0,0.015436541241875379
terms and contact information.,30,4,3,10.0,0,0,203.37501525878906,315.0,1.0,0,0,0,0,0,0,0,0,0,0,1,0.4356646722431448,7.5,0.13333333333333333,0.0,0.0,0.0,1,1,0,0,0.017412947866726414
References,10,1,3,12.0,1,1,227.25001525878906,315.0,1.2,2,0,0,0,0,0,0,0,0,0,0,0.3336892251271946,10.0,0.1,0.0,0.0,0.0,1,1,0,1,0.6077613527656345
"[1] S TRUNK , W. J R ., AND W HITE , E.B. The Elements",54,15,3,9.11111111111111,0,0,245.37501525878906,315.0,0.9111111111111111,3,0,0,0,0,0,0,0,0,0,1,0.2562733097773895,3.6,0.2777777777777778,0.0,0.0,0.0,0,0,0,0,0.0085148908737869
"of Style, 4th Ed, Allyn and Bacon, August, 1999,",48,9,3,10.0,0,0,257.375,330.0,1.0,3,0,0,0,0,0,0,0,0,0,1,0.2050186999608632,5.333333333333333,0.1875,0.0,0.0,0.0,1,0,0,0,0.031824786428991496
ISBN 020530902X,15,2,3,10.0,0,0,269.375,330.0,1.0,1,0,0,0,0,0,0,0,0,0,0,0.1537640249706474,7.5,0.13333333333333333,0.0,0.0,0.0,1,1,0,0,0.03352439560828113
[2],3,1,3,10.0,0,0,281.375,315.0,1.0,3,0,0,0,0,0,0,0,0,0,0,0.1025093499804316,3.0,0.3333333333333333,0.0,0.0,0.0,1,1,0,0,0.032560898112155436
"Z OBEL , J.",11,4,3,9.333333333333334,0,0,281.375,335.1369934082031,0.9333333333333333,1,0,0,0,0,0,0,0,0,0,1,0.1025093499804316,2.75,0.36363636363636365,0.0,0.0,0.0,1,1,0,0,0.006882566298141536
"Writing for Computer Science,",29,4,3,10.0,0,0,281.375,387.2489929199219,1.0,3,0,0,0,0,0,0,0,0,0,1,0.1025093499804316,7.25,0.13793103448275862,0.0,0.0,0.0,1,1,0,0,0.032560898112155436
"Springer-Verlag,",16,1,3,10.0,0,0,293.375,330.0,1.0,2,0,0,0,0,0,0,0,0,0,1,0.0512546749902158,16.0,0.0625,0.0,0.0,0.0,1,1,0,0,0.03251902070212865
December,8,1,3,10.0,0,0,293.375,418.47662353515625,1.0,2,0,0,0,0,0,0,0,0,0,0,0.0512546749902158,8.0,0.125,0.0,0.0,0.0,1,1,0,0,0.03251902070212865
"1997,",5,1,3,10.0,0,0,293.375,478.7733459472656,1.0,3,0,0,0,0,0,0,0,0,0,1,0.0512546749902158,5.0,0.2,0.0,0.0,0.0,1,1,0,0,0.03251902070212865
ISBN,4,1,3,10.0,0,0,293.375,517.6500244140625,1.0,1,0,0,0,0,0,0,0,0,0,0,0.0512546749902158,4.0,0.25,0.0,0.0,0.0,1,1,0,0,0.03251902070212865
9813083220,10,1,3,10.0,0,0,305.375,330.0,1.0,3,0,0,0,0,0,0,0,0,0,0,0.0,10.0,0.1,0.0,0.0,0.0,1,1,0,0,0.03547640295583731
